{
  "@context": "https://w3id.org/ro/crate/1.0/context",
  "conformsTo": {
    "@id": "https://w3id.org/ro/wfrun/process/0.1"
  },
  "@graph": [
    {
      "@id": "./",
      "@type": "Dataset",
      "conformsTo": {
        "@id": "https://w3id.org/ro/wfrun/process/0.1"
      },
      "creator": {
        "@id": "https://ror.org/02catss52",
        "@type": "Organisation"
      },
      "datePublished": "2024-05-04",
      "description": "mOTUs is a containarised pipeline for profiling shotgun metagenomic data."
    },
    {
      "@id": "krone_LSU.html",
      "@type": "Dataset",
      "name": "krona_LSU.html",
      "datePublished": "2024-05-04"
    },
    {
      "@id": "krona_SSU.html",
      "@type": "Dataset",
      "name": "krona_SSU.html",
      "datePublished": "2024-05-04"
    },
    {
      "@id": "multiqc_report.html",
      "@type": "Dataset",
      "name": "multiqc_report.html",
      "datePublished": "2024-05-04"
    },
    {
      "@id": "ro-crate-metadata.json",
      "@type": "CreativeWork",
      "name": "ro-crate-metadata.json",
      "conformsTo": {
        "@id": "https://w3id.org/ro/crate/1.1"
      },
      "about": {
        "@id": "./"
      },
      "datePublished": "2024-05-04"
    },
    {
      "@id": "ro-crate-preview.html",
      "@type": "CreativeWork",
      "name": "ro-crate-preview.html",
      "datePublished": "2024-05-04"
    },
    {
      "@id": "#719c4b8e78df483196ee86748f7434c9",
      "@type": "CrateAction",
      "agent": [
        {
          "@id": "https://ror.org/02catss52",
          "@type": "Organisation"
        }
      ],
      "description": "mOTUs is a containarised pipeline for profiling shotgun metagenomic data.",
      "endTime": "2024-05-04",
      "instrument": [
        {
          "@id": "https://github.com/EBI-Metagenomics/motus_pipeline",
          "@type": "SoftwareApplication"
        }
      ],
      "name": "mOTUs run on SRR5788400",
      "result": [
        {
          "@id": "https://ftp.ebi.ac.uk/pub/databases/metagenomics/motus_pipeline/",
          "@type": "Dataset"
        }
      ]
    },
    {
      "@id": "https://ftp.ebi.ac.uk/pub/databases/metagenomics/motus_pipeline/",
      "@type": "Dataset",
      "@base": "arcp://uuid,1e7f0571-0407-55a3-9974-19f6c8fedf46/",
      "creator": {
        "@id": "https://ror.org/02catss52",
        "@type": "Organisation"
      },
      "hasPart": [
        {
          "@id": "arcp://uuid,1e7f0571-0407-55a3-9974-19f6c8fedf46/SRR5788400.tar.gz",
          "@type": "Dataset",
          "name": "SRR5788400.tar.gz"
        },
        {
          "@id": "arcp://uuid,1e7f0571-0407-55a3-9974-19f6c8fedf46/SRR5788400/SRR5788400.fasta",
          "@type": "Dataset",
          "name": "SRR5788400.fasta"
        },
        {
          "@id": "arcp://uuid,1e7f0571-0407-55a3-9974-19f6c8fedf46/SRR5788400/cmsearch/SRR5788400_matched_seqs_with_coords_deoverlap.tbl",
          "@type": "Dataset",
          "name": "SRR5788400_matched_seqs_with_coords_deoverlap.tbl"
        },
        {
          "@id": "arcp://uuid,1e7f0571-0407-55a3-9974-19f6c8fedf46/SRR5788400/cmsearch/SRR5788400_matched_seqs_with_coords.tbl",
          "@type": "Dataset",
          "name": "SRR5788400_matched_seqs_with_coords.tbl"
        },
        {
          "@id": "arcp://uuid,1e7f0571-0407-55a3-9974-19f6c8fedf46/SRR5788400/cmsearch/sequence-categorisation/SRR5788400_SSU_rRNA_archaea.RF01959.fa",
          "@type": "Dataset",
          "name": "SRR5788400_SSU_rRNA_archaea.RF01959.fa"
        },
        {
          "@id": "arcp://uuid,1e7f0571-0407-55a3-9974-19f6c8fedf46/SRR5788400/cmsearch/sequence-categorisation/SRR5788400_SSU_rRNA_bacteria.RF00177.fa",
          "@type": "Dataset",
          "name": "SRR5788400_SSU_rRNA_bacteria.RF00177.fa"
        },
        {
          "@id": "arcp://uuid,1e7f0571-0407-55a3-9974-19f6c8fedf46/SRR5788400/cmsearch/sequence-categorisation/SRR5788400_LSU_rRNA_archaea.RF02540.fa",
          "@type": "Dataset",
          "name": "SRR5788400_LSU_rRNA_archaea.RF02540.fa"
        },
        {
          "@id": "arcp://uuid,1e7f0571-0407-55a3-9974-19f6c8fedf46/SRR5788400/cmsearch/sequence-categorisation/SRR5788400_LSU.fasta",
          "@type": "Dataset",
          "name": "SRR5788400_LSU.fasta"
        },
        {
          "@id": "arcp://uuid,1e7f0571-0407-55a3-9974-19f6c8fedf46/SRR5788400/cmsearch/sequence-categorisation/SRR5788400_SSU.fasta",
          "@type": "Dataset",
          "name": "SRR5788400_SSU.fasta"
        },
        {
          "@id": "arcp://uuid,1e7f0571-0407-55a3-9974-19f6c8fedf46/SRR5788400/cmsearch/sequence-categorisation/SRR5788400_SSU_rRNA_eukarya.RF01960.fa",
          "@type": "Dataset",
          "name": "SRR5788400_SSU_rRNA_eukarya.RF01960.fa"
        },
        {
          "@id": "arcp://uuid,1e7f0571-0407-55a3-9974-19f6c8fedf46/SRR5788400/cmsearch/sequence-categorisation/SRR5788400_LSU_rRNA_bacteria.RF02541.fa",
          "@type": "Dataset",
          "name": "SRR5788400_LSU_rRNA_bacteria.RF02541.fa"
        },
        {
          "@id": "arcp://uuid,1e7f0571-0407-55a3-9974-19f6c8fedf46/SRR5788400/cmsearch/sequence-categorisation/SRR5788400_5_8S.fa",
          "@type": "Dataset",
          "name": "SRR5788400_5_8S.fa"
        },
        {
          "@id": "arcp://uuid,1e7f0571-0407-55a3-9974-19f6c8fedf46/SRR5788400/cmsearch/sequence-categorisation/SRR5788400_LSU_rRNA_eukarya.RF02543.fa",
          "@type": "Dataset",
          "name": "SRR5788400_LSU_rRNA_eukarya.RF02543.fa"
        },
        {
          "@id": "arcp://uuid,1e7f0571-0407-55a3-9974-19f6c8fedf46/SRR5788400/cmsearch/sequence-categorisation/ncRNA/SRR5788400_RNaseP_bact_a.fasta",
          "@type": "Dataset",
          "name": "SRR5788400_RNaseP_bact_a.fasta"
        },
        {
          "@id": "arcp://uuid,1e7f0571-0407-55a3-9974-19f6c8fedf46/SRR5788400/cmsearch/sequence-categorisation/ncRNA/SRR5788400_Bacteria_small_SRP.fasta",
          "@type": "Dataset",
          "name": "SRR5788400_Bacteria_small_SRP.fasta"
        },
        {
          "@id": "arcp://uuid,1e7f0571-0407-55a3-9974-19f6c8fedf46/SRR5788400/cmsearch/sequence-categorisation/ncRNA/SRR5788400_cyano_tmRNA.fasta",
          "@type": "Dataset",
          "name": "SRR5788400_cyano_tmRNA.fasta"
        },
        {
          "@id": "arcp://uuid,1e7f0571-0407-55a3-9974-19f6c8fedf46/SRR5788400/cmsearch/sequence-categorisation/ncRNA/SRR5788400_tmRNA.fasta",
          "@type": "Dataset",
          "name": "SRR5788400_tmRNA.fasta"
        },
        {
          "@id": "arcp://uuid,1e7f0571-0407-55a3-9974-19f6c8fedf46/SRR5788400/cmsearch/sequence-categorisation/ncRNA/SRR5788400_Bacteria_large_SRP.fasta",
          "@type": "Dataset",
          "name": "SRR5788400_Bacteria_large_SRP.fasta"
        },
        {
          "@id": "arcp://uuid,1e7f0571-0407-55a3-9974-19f6c8fedf46/SRR5788400/cmsearch/sequence-categorisation/ncRNA/SRR5788400_tRNA.fasta",
          "@type": "Dataset",
          "name": "SRR5788400_tRNA.fasta"
        },
        {
          "@id": "arcp://uuid,1e7f0571-0407-55a3-9974-19f6c8fedf46/SRR5788400/cmsearch/sequence-categorisation/ncRNA/SRR5788400_tRNA-Sec.fasta",
          "@type": "Dataset",
          "name": "SRR5788400_tRNA-Sec.fasta"
        },
        {
          "@id": "arcp://uuid,1e7f0571-0407-55a3-9974-19f6c8fedf46/SRR5788400/cmsearch/sequence-categorisation/ncRNA/SRR5788400_Archaea_SRP.fasta",
          "@type": "Dataset",
          "name": "SRR5788400_Archaea_SRP.fasta"
        },
        {
          "@id": "arcp://uuid,1e7f0571-0407-55a3-9974-19f6c8fedf46/SRR5788400/cmsearch/sequence-categorisation/ncRNA/SRR5788400_RNaseP_arch.fasta",
          "@type": "Dataset",
          "name": "SRR5788400_RNaseP_arch.fasta"
        },
        {
          "@id": "arcp://uuid,1e7f0571-0407-55a3-9974-19f6c8fedf46/SRR5788400/cmsearch/sequence-categorisation/ncRNA/SRR5788400_alpha_tmRNA.fasta",
          "@type": "Dataset",
          "name": "SRR5788400_alpha_tmRNA.fasta"
        },
        {
          "@id": "arcp://uuid,1e7f0571-0407-55a3-9974-19f6c8fedf46/SRR5788400/qc/SRR5788400_fastp_1.fastq.gz",
          "@type": "Dataset",
          "name": "SRR5788400_fastp_1.fastq.gz"
        },
        {
          "@id": "arcp://uuid,1e7f0571-0407-55a3-9974-19f6c8fedf46/SRR5788400/qc/qc_summary",
          "@type": "Dataset",
          "name": "qc_summary"
        },
        {
          "@id": "arcp://uuid,1e7f0571-0407-55a3-9974-19f6c8fedf46/SRR5788400/qc/SRR5788400_fastp_2.fastq.gz",
          "@type": "Dataset",
          "name": "SRR5788400_fastp_2.fastq.gz"
        },
        {
          "@id": "arcp://uuid,1e7f0571-0407-55a3-9974-19f6c8fedf46/SRR5788400/qc/multiqc/multiqc_report.html",
          "@type": "Dataset",
          "name": "multiqc_report.html"
        },
        {
          "@id": "arcp://uuid,1e7f0571-0407-55a3-9974-19f6c8fedf46/SRR5788400/qc/multiqc/multiqc_data/multiqc_fastp.txt",
          "@type": "Dataset",
          "name": "multiqc_fastp.txt"
        },
        {
          "@id": "arcp://uuid,1e7f0571-0407-55a3-9974-19f6c8fedf46/SRR5788400/qc/multiqc/multiqc_data/multiqc_data.json",
          "@type": "Dataset",
          "name": "multiqc_data.json"
        },
        {
          "@id": "arcp://uuid,1e7f0571-0407-55a3-9974-19f6c8fedf46/SRR5788400/qc/multiqc/multiqc_data/multiqc_sources.txt",
          "@type": "Dataset",
          "name": "multiqc_sources.txt"
        },
        {
          "@id": "arcp://uuid,1e7f0571-0407-55a3-9974-19f6c8fedf46/SRR5788400/qc/multiqc/multiqc_data/multiqc_citations.txt",
          "@type": "Dataset",
          "name": "multiqc_citations.txt"
        },
        {
          "@id": "arcp://uuid,1e7f0571-0407-55a3-9974-19f6c8fedf46/SRR5788400/qc/multiqc/multiqc_data/multiqc.log",
          "@type": "Dataset",
          "name": "multiqc.log"
        },
        {
          "@id": "arcp://uuid,1e7f0571-0407-55a3-9974-19f6c8fedf46/SRR5788400/qc/multiqc/multiqc_data/motus.txt",
          "@type": "Dataset",
          "name": "motus.txt"
        },
        {
          "@id": "arcp://uuid,1e7f0571-0407-55a3-9974-19f6c8fedf46/SRR5788400/qc/multiqc/multiqc_data/multiqc_general_stats.txt",
          "@type": "Dataset",
          "name": "multiqc_general_stats.txt"
        },
        {
          "@id": "arcp://uuid,1e7f0571-0407-55a3-9974-19f6c8fedf46/SRR5788400/qc/fastp/SRR5788400_qc_fastp.json",
          "@type": "Dataset",
          "name": "SRR5788400_qc_fastp.json"
        },
        {
          "@id": "arcp://uuid,1e7f0571-0407-55a3-9974-19f6c8fedf46/SRR5788400/qc/fastp/SRR5788400_qc_fastp.html",
          "@type": "Dataset",
          "name": "SRR5788400_qc_fastp.html"
        },
        {
          "@id": "arcp://uuid,1e7f0571-0407-55a3-9974-19f6c8fedf46/SRR5788400/qc/decontamination/decontamination_output_report.txt",
          "@type": "Dataset",
          "name": "decontamination_output_report.txt"
        },
        {
          "@id": "arcp://uuid,1e7f0571-0407-55a3-9974-19f6c8fedf46/SRR5788400/qc/decontamination/SRR5788400_clean_2.fastq.gz",
          "@type": "Dataset",
          "name": "SRR5788400_clean_2.fastq.gz"
        },
        {
          "@id": "arcp://uuid,1e7f0571-0407-55a3-9974-19f6c8fedf46/SRR5788400/qc/decontamination/SRR5788400_clean_1.fastq.gz",
          "@type": "Dataset",
          "name": "SRR5788400_clean_1.fastq.gz"
        },
        {
          "@id": "arcp://uuid,1e7f0571-0407-55a3-9974-19f6c8fedf46/SRR5788400/qc/seqprep/seqprep_output_report.txt",
          "@type": "Dataset",
          "name": "seqprep_output_report.txt"
        },
        {
          "@id": "arcp://uuid,1e7f0571-0407-55a3-9974-19f6c8fedf46/SRR5788400/qc/seqprep/SRR5788400_forward_unmerged.fastq.gz",
          "@type": "Dataset",
          "name": "SRR5788400_forward_unmerged.fastq.gz"
        },
        {
          "@id": "arcp://uuid,1e7f0571-0407-55a3-9974-19f6c8fedf46/SRR5788400/qc/seqprep/SRR5788400_merged.fastq.gz",
          "@type": "Dataset",
          "name": "SRR5788400_merged.fastq.gz"
        },
        {
          "@id": "arcp://uuid,1e7f0571-0407-55a3-9974-19f6c8fedf46/SRR5788400/qc/seqprep/SRR5788400_reverse_unmerged.fastq.gz",
          "@type": "Dataset",
          "name": "SRR5788400_reverse_unmerged.fastq.gz"
        },
        {
          "@id": "arcp://uuid,1e7f0571-0407-55a3-9974-19f6c8fedf46/SRR5788400/qc/statistics/seq-length.out.full_bin",
          "@type": "Dataset",
          "name": "seq-length.out.full_bin"
        },
        {
          "@id": "arcp://uuid,1e7f0571-0407-55a3-9974-19f6c8fedf46/SRR5788400/qc/statistics/nucleotide-distribution.out.full",
          "@type": "Dataset",
          "name": "nucleotide-distribution.out.full"
        },
        {
          "@id": "arcp://uuid,1e7f0571-0407-55a3-9974-19f6c8fedf46/SRR5788400/qc/statistics/seq-length.out.full",
          "@type": "Dataset",
          "name": "seq-length.out.full"
        },
        {
          "@id": "arcp://uuid,1e7f0571-0407-55a3-9974-19f6c8fedf46/SRR5788400/qc/statistics/summary.out",
          "@type": "Dataset",
          "name": "summary.out"
        },
        {
          "@id": "arcp://uuid,1e7f0571-0407-55a3-9974-19f6c8fedf46/SRR5788400/qc/statistics/GC-distribution.out.full_bin",
          "@type": "Dataset",
          "name": "GC-distribution.out.full_bin"
        },
        {
          "@id": "arcp://uuid,1e7f0571-0407-55a3-9974-19f6c8fedf46/SRR5788400/qc/statistics/GC-distribution.out.full_pcbin",
          "@type": "Dataset",
          "name": "GC-distribution.out.full_pcbin"
        },
        {
          "@id": "arcp://uuid,1e7f0571-0407-55a3-9974-19f6c8fedf46/SRR5788400/qc/statistics/seq-length.out.full_pcbin",
          "@type": "Dataset",
          "name": "seq-length.out.full_pcbin"
        },
        {
          "@id": "arcp://uuid,1e7f0571-0407-55a3-9974-19f6c8fedf46/SRR5788400/qc/statistics/GC-distribution.out.full",
          "@type": "Dataset",
          "name": "GC-distribution.out.full"
        },
        {
          "@id": "arcp://uuid,1e7f0571-0407-55a3-9974-19f6c8fedf46/SRR5788400/mOTUs/SRR5788400_merged_motus.log",
          "@type": "Dataset",
          "name": "SRR5788400_merged_motus.log"
        },
        {
          "@id": "arcp://uuid,1e7f0571-0407-55a3-9974-19f6c8fedf46/SRR5788400/mOTUs/SRR5788400_merged.fastq.tsv",
          "@type": "Dataset",
          "name": "SRR5788400_merged.fastq.tsv"
        },
        {
          "@id": "arcp://uuid,1e7f0571-0407-55a3-9974-19f6c8fedf46/SRR5788400/mOTUs/SRR5788400_merged.fastq.motus",
          "@type": "Dataset",
          "name": "SRR5788400_merged.fastq.motus"
        },
        {
          "@id": "arcp://uuid,1e7f0571-0407-55a3-9974-19f6c8fedf46/SRR5788400/taxonomy/LSU/SRR5788400_LSU.txt",
          "@type": "Dataset",
          "name": "SRR5788400_LSU.txt"
        },
        {
          "@id": "arcp://uuid,1e7f0571-0407-55a3-9974-19f6c8fedf46/SRR5788400/taxonomy/LSU/SRR5788400_LSU.tsv",
          "@type": "Dataset",
          "name": "SRR5788400_LSU.tsv"
        },
        {
          "@id": "arcp://uuid,1e7f0571-0407-55a3-9974-19f6c8fedf46/SRR5788400/taxonomy/LSU/SRR5788400_LSU.notaxid.tsv",
          "@type": "Dataset",
          "name": "SRR5788400_LSU.notaxid.tsv"
        },
        {
          "@id": "arcp://uuid,1e7f0571-0407-55a3-9974-19f6c8fedf46/SRR5788400/taxonomy/LSU/krona.html",
          "@type": "Dataset",
          "name": "krona.html"
        },
        {
          "@id": "arcp://uuid,1e7f0571-0407-55a3-9974-19f6c8fedf46/SRR5788400/taxonomy/SSU/SRR5788400_SSU.txt",
          "@type": "Dataset",
          "name": "SRR5788400_SSU.txt"
        },
        {
          "@id": "arcp://uuid,1e7f0571-0407-55a3-9974-19f6c8fedf46/SRR5788400/taxonomy/SSU/SRR5788400_SSU.notaxid.tsv",
          "@type": "Dataset",
          "name": "SRR5788400_SSU.notaxid.tsv"
        },
        {
          "@id": "arcp://uuid,1e7f0571-0407-55a3-9974-19f6c8fedf46/SRR5788400/taxonomy/SSU/SRR5788400_SSU.tsv",
          "@type": "Dataset",
          "name": "SRR5788400_SSU.tsv"
        },
        {
          "@id": "arcp://uuid,1e7f0571-0407-55a3-9974-19f6c8fedf46/SRR5788400/taxonomy/SSU/krona.html",
          "@type": "Dataset",
          "name": "krona.html"
        }
      ]
    }
  ]
}